{
  "hash": "34317a78",
  "configHash": "979bc7ee",
  "lockfileHash": "cd0b26cf",
  "browserHash": "6de5ff86",
  "optimized": {
    "@angular/common": {
      "src": "../../../../../../node_modules/@angular/common/fesm2022/common.mjs",
      "file": "@angular_common.js",
      "fileHash": "db6784f6",
      "needsInterop": false
    },
    "@angular/common/http": {
      "src": "../../../../../../node_modules/@angular/common/fesm2022/http.mjs",
      "file": "@angular_common_http.js",
      "fileHash": "574a8abe",
      "needsInterop": false
    },
    "@angular/core": {
      "src": "../../../../../../node_modules/@angular/core/fesm2022/core.mjs",
      "file": "@angular_core.js",
      "fileHash": "0614ec17",
      "needsInterop": false
    },
    "@angular/forms": {
      "src": "../../../../../../node_modules/@angular/forms/fesm2022/forms.mjs",
      "file": "@angular_forms.js",
      "fileHash": "f7e5a6de",
      "needsInterop": false
    },
    "@angular/platform-browser": {
      "src": "../../../../../../node_modules/@angular/platform-browser/fesm2022/platform-browser.mjs",
      "file": "@angular_platform-browser.js",
      "fileHash": "d847b6a7",
      "needsInterop": false
    },
    "@angular/router": {
      "src": "../../../../../../node_modules/@angular/router/fesm2022/router.mjs",
      "file": "@angular_router.js",
      "fileHash": "fad61d69",
      "needsInterop": false
    },
    "chart.js": {
      "src": "../../../../../../node_modules/chart.js/dist/chart.js",
      "file": "chart__js.js",
      "fileHash": "e8ba9106",
      "needsInterop": false
    },
    "chartjs-plugin-datalabels": {
      "src": "../../../../../../node_modules/chartjs-plugin-datalabels/dist/chartjs-plugin-datalabels.esm.js",
      "file": "chartjs-plugin-datalabels.js",
      "fileHash": "712aa1c7",
      "needsInterop": false
    }
  },
  "chunks": {
    "chunk-EQHOXT6B": {
      "file": "chunk-EQHOXT6B.js"
    },
    "chunk-TFVPFRN7": {
      "file": "chunk-TFVPFRN7.js"
    },
    "chunk-HLIPVD2M": {
      "file": "chunk-HLIPVD2M.js"
    },
    "chunk-MUHLATWV": {
      "file": "chunk-MUHLATWV.js"
    },
    "chunk-JZFRVOZK": {
      "file": "chunk-JZFRVOZK.js"
    },
    "chunk-WDMUDEB6": {
      "file": "chunk-WDMUDEB6.js"
    }
  }
}