{
  "assets": {
    "equity": {
      "percentage": 40,
      "subAssets": {
        "Large Cap": 25,
        "Mid Cap": 10,
        "Small Cap": 5
      }
    },
    "fixedIncome": {
      "percentage": 35,
      "subAssets": {
        "Gov Bonds": 17.5,
        "Corp Bonds": 7,
        "Fixed Dep": 10.5
      }
    },
    "commodities": {
      "percentage": 10,
      "subAssets": {
        "Precious Metals": 6.25,
        "Energy": 2.5,
        "Agriculture": 1.25
      }
    },
    "cash": {
      "percentage": 5,
      "subAssets": {
        "Liquid Mutual Funds": 1.15,
        "Savings Acc": 1.92,
        "T. Bill": 1.92
      }
    },
    "realEstate": {
      "percentage": 10,
      "subAssets": {
        "REITs": 4,
        "Residential Prop": 4,
        "Commercial Prop": 2
      }
    }
  }
}