[
  {
    "Id": 0,
    "Email": "divya098@gmail.com",
    "PasswordHash": "AQAAAAIAAYagAAAAEOTakFd1sOByJL7JYlXeGiqMWRLe239giFbYcWpZ3iJWOPMDhVHO8tBts2NfLJ5sNA=="
  },
  {
    "Id": 1,
    "Email": "Chikku@gmail.com",
    "PasswordHash": "AQAAAAIAAYagAAAAEFh\u002BBjJLXnSajUgR/l4yLrJNJmracxGCUEv1j6WY0ixxC19NyCIIp6BgrGZFW8T8Yg=="
  },
  {
    "Id": 2,
    "Email": "naina@gmail.com",
    "PasswordHash": "AQAAAAIAAYagAAAAEOtG2QfZrOVN7Sw4sTJQU0ZprvQe5vXYRFf7iRH4xalvPCSAKCROjutepJ7qJheNZg=="
  },
  {
    "Id": 3,
    "Email": "lily@gmail.com",
    "PasswordHash": "AQAAAAIAAYagAAAAEIzMoXpt9LFg/GaBvuVcmmNUER3hlOXW/vli7r0VJh\u002BZaamXDuO7sdZbTmIMEUSfYQ=="
  },
  {
    "Id": 4,
    "Email": "arun123@gmail.com",
    "PasswordHash": "AQAAAAIAAYagAAAAEDGMdA4vy3hlKn8JgePPutASNOzcr64yYe4uP3Vg6tKLlkeJkbeUjzU2jbuWyqhGPw=="
  },
  {
    "Id": 5,
    "Email": "testabc@gmail.com",
    "PasswordHash": "AQAAAAIAAYagAAAAEEMWUGG6QLUXKG/TvisS4KQd9gLVZJBk7pk\u002B4cbG5m/IgP0XX5A4povluUhvnXyyDQ=="
  },
  {
    "Id": 6,
    "Email": "testac@gmail.com",
    "PasswordHash": "AQAAAAIAAYagAAAAEDr90Orr7aUPJcL/lGbuZn\u002B\u002BvZHDh671FhwMP81Cwzc9Lx0LmIJVX\u002BWSNttW\u002BK3hSA=="
  },
  {
    "Id": 7,
    "Email": "dfd@xyz.com",
    "PasswordHash": "AQAAAAIAAYagAAAAEHjjSBxhBYezidBoxLsTS8\u002BBFvn7MoRPG7\u002BqoDRWCBIYgaErKC56u/9QTLOZJrE8\u002BA=="
  },
  {
    "Id": 8,
    "Email": "deena@gmail.com",
    "PasswordHash": "AQAAAAIAAYagAAAAEG5FXSnIlmTY1eb0d8RimO\u002BYx8LA0XDvbUExRt2nNFCThMmaH2Wu55XttR14yV02NA=="
  },
  {
    "Id": 9,
    "Email": "divya@gmail.com",
    "PasswordHash": "AQAAAAIAAYagAAAAEFrweVWqmXxCo1dZpyONnUHrumZe0dLQWkrAYEa4rSdJrXymXuw6vgLweZDbNZzrdA=="
  },
  {
    "Id": 10,
    "Email": "bhavya.bansals214563@gmail.com",
    "PasswordHash": "AQAAAAIAAYagAAAAEMQdCsF0Q0U0Bn8tn2e7LsTUV/I4U3TJU5NE4reawDLUQuRuA6\u002B1hHFQKJLHmZZSlA=="
  },
  {
    "Id": 11,
    "Email": "bhavyabansal16@gmail.com",
    "PasswordHash": "AQAAAAIAAYagAAAAEAsgLGqjfPNAFceU\u002Bjj1xct8uIbeqEqgOX57Tofzg8idZ1MWI3G0dcrSa/op9BnKSw=="
  },
  {
    "Id": 12,
    "Email": "bhavyabansal1186@gmail.com",
    "PasswordHash": "AQAAAAIAAYagAAAAEDz3Q/ewr6KYzqmbjFqE2jnT0ciQL/jXKCkmY7D8\u002BQhYsy38p\u002BRHXUEVaairwkLBPg=="
  }
]